STATION,INITIAL,FINAL,TOT.OBS,OBSERVER
1,1610,1613,210,"HARRIOT, T., OXFORD"
2,1611,1640,882,"SCHEINER, C., ROME"
3,1612,1612,51,"GALILEO, G., ROME"
4,1612,1612,37,"GALILEO-SAKURAI, ROME"
5,1612,1612,20,"COLOGNA, S., MONREALE"
6,1612,1613,104,"JUNGIUS, J., HAMBURG"
7,1612,1612,29,"CIGOLI, L.C., ROME"
8,1613,1614,51,"COLONNA, F., NAPLES"
9,1615,1617,57,"TARDE, J., FARLAT"
10,1616,1616,12,"SAXONIUS, P., NUREMBERG"
11,NaN,NaN,0,"MARIUS, S., NUREMBERG"
12,1618,1626,187,"MALAPERT, C., BELGIUM"
13,1632,1632,66,"RICCIOLI, J.B., BONONIA"
14,1621,1625,82,"SMOGULECZ, D., INGOLSTADT"
15,1621,1629,4,"SCHICKARD, W., TUBINGA"
16,1625,1625,1,"HORTENSIUS, M., LUGD. BATAV."
17,1626,1629,126,"MOGLING, D., DARMSTADT"
18,1631,1645,80,"GASSENDI, P., PARIS (LEIF RECOUNT)"
19,1631,1631,1,"QUIETANUS, J.R., GERMANY"
20,NaN,NaN,0,"ZAHN, J., NUREMBERG"
21,1633,1635,2,"OCTOUL, AVENIONE"
22,1794,1795,91,"FLAUGERGUES, H., AUBENAS"
23,1638,1639,7,"HORROX, J., LIVERPOOL"
24,NaN,NaN,0,"CRABTREE, W., ENGLAND"
25,1642,1684,1660,"HEVELIUS, J., DANZIG"
26,1642,1642,14,"RHEITA, K., BOHEMIA"
27,NaN,NaN,0,"LINEMANNS, A., REGIOMONTUS"
28,1648,1648,113,"UNKNOWN-KRAFT,1745"
29,1652,1677,40,"PETITUS, P., PARIS"
30,1652,1654,275,UNKNOWN1-MAUNDER-JBAA
31,NaN,NaN,0,"PICARD-KEILL, PARIS"
32,1655,1655,13,UNKNOWN2-MAUNDER-JBAA
33,1671,1695,119,"CASSINI, G.D., PARIS"
34,1656,1656,13,"BOSE, J.A., LEIPZIG"
35,NaN,NaN,0,"MARALDI, F., BONONIA"
36,1659,1661,234,"MOUTON, G., LYON"
37,1660,1660,14,"BOYLE, R., LONDON"
38,1660,1682,261,"PICARD, J., PARIS"
39,1661,1671,318,"FOGEL, M., HAMBURG"
40,NaN,NaN,0,"WEIGEL, E., JENA"
41,NaN,NaN,0,"MEZZAVACCA, C., BONONIA"
42,NaN,NaN,0,"MENGOLI, P., BONONIA"
43,1666,1683,2,"HUYGENS, C., HAGUE"
44,1666,1666,1,"PAYEN, A.-F., AVIGNON"
45,1666,1666,1,"WILLOUGHBY, F., ENGLAND"
46,NaN,NaN,0,"WEICKMANN, C., GERMANY"
47,1667,1667,1,"KIRCHER, A., ROME"
48,NaN,NaN,0,"FABRIUS, A., BONONIA"
49,1676,1676,21,"MONTANARI, G., BONONIA"
50,1671,1681,1040,"SIVERUS, H., HAMBURG"
51,1671,1676,5,"HOOK, R., LONDON"
52,1671,1671,11,"STETINI, LEIPZIG"
53,1672,1673,130,"RICHER, CAYENNE"
54,1672,1676,20,"LALANDE, MEMOIRES, PARIS"
55,NaN,NaN,0,"MANZIUS, D., BONONIA"
56,1674,1674,19,"PICARD, J., MONTPELLIER"
57,NaN,NaN,0,"CALCINA, J.C., BONONIA"
58,1684,1695,151,"GULIELMINI, J.F., BONONIA"
59,1676,1714,1499,"FLAMSTEED, J., CAMBRIDGE"
60,1676,1676,9,"HALLEY, E., LONDON"
61,1676,1676,2,"MOORE, J., LONDON (RS ARCHIVES)"
62,1676,1676,1,"HAYNES, CAMBRIDGE"
63,1677,1702,2325,"EIMMART, G.C., NUREMBERG"
64,1677,1677,7,"HARTSOEKER, N., THE HAGUE"
65,1678,1678,1,"MACULA IN SOLE, 1678"
66,1678,1710,480,"KIRCH, G., BERLIN"
67,1678,1684,9,"ETTMULLER, M.E., WITTENBERG"
68,1680,1680,23,"PICARD, J., BAYONNE"
69,1680,1687,3,"IHLE, J.A., BERLIN"
70,1681,1681,20,"PICARD, J., ENGLAND"
71,1681,1681,60,"VARIN, M.M., CAPE VERDE VOYAGE"
72,1681,1681,1,"DESHAYES, M., ROUEN"
73,1682,1718,7170,"LA HIRE, PH., PARIS"
74,1684,1684,2,"CASWELL (R.S.), LONDON"
75,1684,1684,18,"CLAUSEN, F., KILONI"
76,1684,1718,157,"WURZELBAUR, J.P., NUREMBERG"
77,1686,1686,9,"JESUITS, CHINA"
78,1687,1689,2,"SCHULTZ, D.G., NUREMBERG"
79,1688,1736,211,"MARALDI, M., BONONIA"
80,1688,1693,5,"ARNOLD, C., BERLIN"
81,NaN,NaN,0,"DECHALES, M., LUGDUNI"
82,1690,1723,4,"MENTZER, B., HAMBURG"
83,1694,1703,2,"BRATTLE, T., BOSTON"
84,NaN,NaN,0,"UCCELLI, I., BONONIA"
85,1695,1699,2,"MOEREN, J.T., NUREMBERG"
86,1695,1707,218,"AGERHOLM, C., COPENHAGEN"
87,NaN,NaN,0,"STANCARIUS, V.F., BONONIA"
88,1697,1697,21,"CASSINI, G.D., FLANDERS"
89,1698,1698,9,"CASSINI, G.D., LONDON"
90,1699,1699,1,"MEYER, J., REGENSBURG"
91,1700,1709,214,"CASSINI, J., PARIS"
92,1701,1705,19,"JARTOUX, R.P., PEKING"
93,1702,1738,716,"MANFREDI, E., BONONIA"
94,1703,1704,141,"EIMMART, M-C., NUREMBERG"
95,1703,1727,130,"BLANCHINI, F., VERONA"
96,1703,1715,278,"DERHAM, W., UPMINSTER"
97,1703,1703,22,"HOFFMANN, J.H., BERLIN"
98,1703,1713,80,"GRAY, S., CANTERBURY"
99,1703,1703,17,"SHARP, A., HORTON"
100,1703,1704,12,"ROMER, O., COPENHAGEN"
101,1703,1704,72,"STANNYAN, ENGLAND"
102,1704,1704,1,"SALVAGO, M., GENNES"
103,1704,1704,1,"DE LA VAL, P., MARSEILLE"
104,1704,1726,423,"PLANTADE, J., MONTPELLIER"
105,1704,1704,1,"DE CLAPIER, M., MONTPELLIER"
106,1704,1704,1,"FULCHIRON, P., LYON"
107,1704,1704,1,"THYOLI, LYON"
108,1705,1709,87,"LALANDE, HISTORIE, PARIS"
109,1705,1709,80,"MULLER, J.H., NUREMBERG"
110,1706,1721,5,"SCHEUCHZER, J.J., ZURICH"
111,1706,1706,1,"TORRE, F., ARLES"
112,1707,1707,2,"HERTEL, C.T., BERLIN"
113,1707,1707,2,"STURM, L.C., BERLIN"
114,1708,1709,255,"WIEDENBURG, J.B., HELMSTADT"
115,1709,1722,59,"FEUILLEE, L.E., PARIS"
116,1709,1709,2,"WOLF, C., MAGDEBURG"
117,NaN,NaN,0,UNKNOWN3-MAUNDER-JBAA
118,1710,1713,203,"PARISIUS, J.C., BONONIA"
119,1713,1715,58,"KIRCH, M.M., BERLIN"
120,1713,1735,39,"DE L'ISLE, J.N., PARIS"
121,1713,1713,5,UNKNOWN-LALANDE
122,1715,1727,3,"POLENI, J., PADUA"
123,1715,1715,1,"GESU, P.A.B., PARMA"
124,1715,1715,1,"FONTANA, P.B.G., MODENA"
125,1716,1736,394,"KIRCH, C., BERLIN"
126,1716,1718,3,"MULLER, J.H., ALTORFII"
127,1716,1726,299,"ROST, J.L., NUREMBERG"
128,1718,1719,121,"LA HIRE, G., PARIS"
129,1730,1751,4,"HALLERSTEIN, A., PEKING"
130,1718,1718,1,"WAGNER, J.W., BERLIN"
131,1719,1727,524,"ALISCHER, J.L., JAUER"
132,1719,1720,45,"MULLER, J.C., PRAGUE"
133,1720,1736,14,"SCHUTZ, J.G., BERLIN"
134,1720,1720,5,"LAVAL, A.F., PARIS"
135,1720,1739,7,"WEIDLER, J.F., WITTENBERG"
136,1721,1721,1,"TRAUTMANN, G., LOBAU"
137,1722,1739,4,"BRADLEY, J., GREENWICH"
138,1722,1722,1,"ROBIE, T., BOSTON"
139,1724,1724,1,"FALK, J., MUNICH"
140,1724,1724,1,"GRAMMATICI, N., INGOLSTADT"
141,1724,1724,1,"BANDERIO, J.B., ITALY"
142,1724,1724,1,"PARMA, J., ITALY"
143,1725,1725,9,"GAUBIL, A., CHINA"
144,1725,1725,1,"HAUSEN, C.A., LEIPZIG"
145,1725,1725,11,"LIEFMANN, D.F., BUDISSIN"
146,1726,1726,1,"GODIN, L., PARIS"
147,1726,1726,1,"SOUCIET, E., LYON"
148,1727,1727,16,"WALTHER, J.M., WITTENBERG"
149,1727,1750,7,"CASSINI DE THURY, PARIS"
150,1727,1727,1,"CARBONE, J.B., ROME"
151,1729,1733,48,"BEYER, J., HAMBURG"
152,1729,1729,14,"KRAFT, G.W., ST. PETERSBURG"
153,NaN,NaN,0,"ADELBURNER, M., NUREMBERG"
154,1730,1730,2,"WASSE, J., NORTHAMPTONSHIRE"
155,1733,1782,3,"LE MONNIER, P.C., PARIS"
156,1734,1734,1,"ECLIPSE OBSERVERS, ROME"
157,1735,1735,1,"BARATIER, HALLE"
158,1735,1735,5,"RUCKKEHR, HALLE"
159,1737,1737,1,"ANONYMOUS, BONONIA"
160,1737,1743,2,"GRAHAM, G., LONDON"
161,1739,1751,116,"HAGEN, F., BERLIN"
162,1736,1736,2,"HUXHAM, J., ENGLAND"
163,1739,1739,1,"SHAW, ALEXANDRIA"
164,1739,1742,66,"MUSANO, M., VENICE"
165,1739,1753,5,"ZANOTTI, E., BONONIA"
166,1739,1742,6,"WINTHROP, J., CAMBRIDGE, MA"
167,1743,1743,1,"GERSTEN, C.L., GIESSEN"
168,1743,1748,2,"BOSE, G.M., WITTENBERG"
169,1748,1773,7,"DARQUIER, A., PARIS"
170,1748,1778,2,"ULLOA, A., MADRID"
171,1748,1769,2,"BEVIS, J., OXFORD"
172,NaN,NaN,0,"STAUDACHER, J.C., NUREMBERG"
173,1750,1799,11,"MESSIER, PARIS"
174,1752,1798,105,"LALANDE, J., PARIS"
175,1753,1753,1,"PINGRE, A.G., PARIS"
176,1753,1756,2,"MAYER, T., GOTTINGEN"
177,1754,1760,899,"ZUCCONI, L., VENICE"
178,1754,1758,492,"SCHUBERT, J.C., DANZIG"
179,1758,1758,1,"BRAUNIO, J.A., ST. PETERSBURG"
180,1761,1776,1532,"HORREBOW, C., COPENHAGEN"
181,1761,1764,2,ZURCH (JOURNAL NAME)
182,1762,1762,7,"POCZOBUT, L.P., MARSEILLES"
183,1762,1762,1,"HIRST, W., CALCUTTA"
184,1764,1764,5,"HOFMANN, C., DRESDEN"
185,1764,1766,3,WARSCHAUER
186,1764,1764,1,"ROGALINSKY, P., ST. PETERSBURG"
187,NaN,NaN,0,"HORREBOW-WOLF, COPENHAGEN"
188,1768,1769,2,"FERGUSON, J., EDINBURGH"
189,1769,1769,1,"HORNSBY, T., OXFORD"
190,1769,1769,1,"WOLLASTON, F., LONDON"
191,1769,1769,1,"BRYCE, ENGLAND"
192,1769,1769,6,"RUMOVSKI, S., KOLA"
193,1769,1769,1,"BAILLY, J-S., PARIS"
194,1769,1769,1,"ACKERMANN, J.F, KILIA"
195,1769,1769,1,"FELBIGER, SAGAN"
196,1769,1769,1,"WRIGHT, CANADA"
197,NaN,NaN,0,HORREBOW - VERSION 2
198,1770,1770,2,"ROSSLER, G., TUBINGEN"
199,1771,1781,4,"WOLF, DIRSCHAU"
200,1772,1772,1,"GOLDHOVER, MUNICH"
201,1773,1777,87,"MALLET, J.A., BERLIN"
202,1774,1822,68,"BODE, J.E., BERLIN"
203,1776,1777,196,"LIEVOG, E., COPENHAGEN"
204,1776,1776,17,"FIXLMILLNER, P., STYRIA"
205,1777,1802,43,"BUGGE, T., COPENHAGEN"
206,1777,1777,14,"BOSCOVICH, R.J., VENICE"
207,1777,1777,3,"REGGIO, MILAN"
208,1778,1778,97,"ORIANI, B., MILAN"
209,1778,1778,1,"SCHULZE, J.K., BERLIN"
210,1778,1778,1,"MAYER, T., MANNHEIM"
211,1778,1778,1,"KRATZENSTEIN, COPENHAGEN"
212,1778,1778,1,"HELFENZREIDER, J.E., INGOLSTADT"
213,1779,1781,3,"ZENO, P., PRAGUE"
214,1780,1780,1,"WILLIAMS, S., PENOBSCOT BAY"
215,1780,1780,1,"BROWN, J., PROVIDENCE, RI"
216,1780,1780,1,"PAYSON, P., CAMBRIDGE, MA"
217,1781,1799,15,"STRNADT, PRAGUE"
218,1781,1820,396,"HEINRICH, P., MUNICH"
219,1782,1782,1,"HENNERT, J.F., UTRECHT"
220,1785,1785,1,"KONIG, K.J., MANNHEIM"
221,1785,1785,1,"BEIGEL, G.W.S., DRESDEN"
222,1785,1785,1,"LIPPOLD, G.H.E., WIEN"
223,1786,1786,1,"PIGOTT, E., BOOTHAM"
224,1786,1793,11,"SCHROTER, J.H., LILIENTHAL"
225,1787,1787,1,"METZBURG, G.I., WIEN"
226,1787,1787,1,"TOALDO, J., PATVINA"
227,1788,1830,2010,"FLAUGERGUES, H., VIVIERS"
228,1788,1788,1,"TREISNECKER, F.V.P., WIEN"
229,1788,1788,1,"ZOLLINGER, INNSBRUCK"
230,1791,1806,3,"FEER, ZURICH"
231,1791,1791,1,"SANDT, RIGA"
232,1791,1791,1,"BEITLER, MITAU"
233,1791,1791,1,"CASSINI, J.D., THURY"
234,1793,1803,5,"HUBER, J.J., BASEL"
235,1794,1800,23,"ENDE, F.A., CELLE"
236,1794,1818,384,"HERSCHEL, W., LONDON"
237,NaN,NaN,0,"FLAUGERGUES, H. (C.DE.T.)"
238,1797,1797,3,"GEMEINER, A.T., REGENSBURG"
239,1797,1797,1,"REINCKE, HAMBURG"
240,NaN,NaN,0,"HAMILTON, J., ARMAGH OBS., IRELAND"
241,1798,1798,3,"DANGOS, MALTA"
242,1798,1812,129,"FRITSCH, J.H., GERMANY"
243,1798,1798,5,"KOHLER, J.G., GERMANY"
244,NaN,NaN,0,"FLAUGERGUES, H. (C.DE T.)"
245,1800,1827,519,"LINDENER, B.A., GLATZ"
246,1802,1824,789,"DERFFLINGER, T., KREMSMUNSTER"
247,1803,1803,1,"BEDE, WIEN"
248,1803,1803,1,"CHIMINELLO, PADUA"
249,1804,1804,1,"SCHUBERT, F.T., ST. PETERSBURG"
250,1804,1844,115,"PRANTNER, S.M.J., WILTEN"
251,1804,1804,1,"CASSELLA, MADRID"
252,1806,1810,284,"BUGGE, M., COPENHAGEN"
253,1821,1844,101,"GRUITHUISEN, B., MUNICH"
254,NaN,NaN,0,"STARK, AUGSBURG, ZERO DAYS"
255,1826,1836,1075,"STARK, J.M., AUGSBURG"
256,1814,1814,17,"GAUSS, H. FR., GOTTINGEN"
257,1815,1816,6,"EYNARD, ROLLE"
258,1816,1836,858,"TEVEL, C., MIDDELBURG"
259,1816,1829,21,"ESMARK, KONGSBERG"
260,1816,1818,83,"WATTS, CAPE DIAMOND, QUEBEC"
261,1817,1817,5,"BIANCHI, G., MODENA"
262,1819,1823,977,"ADAMS, C.H., EDMONTON"
263,1819,1833,1477,"PASTORFF, J.W., DROSSEN"
264,NaN,NaN,0,"PASTORFF-WOLF, DROSSEN"
265,1816,1819,47,"HALLASCHKA, F.I.C., PRAGUE"
266,1820,1820,1,"NICOLAI, F., MANNHEIM"
267,1820,1820,1,"ZACH, F.X., GOTHA"
268,1820,1820,1,"LUTHMER, HANNOVER"
269,1820,1847,4,"GERLING, C.L., MARBURG"
270,1820,1820,1,"VAN SWINDEN, AMSTERDAM"
271,1821,1821,1,"STRUVE, F.G.W., DORPAT"
272,1821,1822,24,"ARGELANDER, BONN"
273,1822,1830,923,"ARAGO, F.D., PARIS"
274,1822,1837,122,"HERSCHEL, J., LONDON"
275,1823,1823,9,"LORENZ, WITTENBURG"
276,1823,1824,16,"BIELA, J., PRAGUE"
277,1825,1830,364,"SCHWARZENBRUNNER, KREMS."
278,1825,1826,183,"VON BOTH, G., BRESLAU"
279,1825,1867,12414,"SCHWABE, H., DESSAU"
280,1826,1837,1207,"HUSSEY, T.J., ENGLAND"
281,1826,1826,1,"BEAUFOY, G., BUSHEY HEATH"
282,1831,1832,200,"LAWSON, H., HEREFORD"
283,1832,1832,39,"RUPRECHT, H., ZIEGENHAIN"
284,1832,1832,17,"BOGUSLAWSKI, P.H.L., BRESLAU"
285,1833,1836,101,"BOHM, J.G., WIEN"
286,1833,1833,1,"SMYTH, BEDFORD"
287,1835,1836,158,"KUNITOMO, OMI"
288,1837,1837,2,"HAILE, A.B., YALE"
289,1840,1840,1,"GALLE, J.G., BERLIN"
290,1840,1841,13,"PETERSEN, A.C., ALTONA"
291,1840,1840,1,"LOHSE, POTSDAM"
292,1841,1883,6970,"SCHMIDT, ATHENS"
293,1843,1843,1,"CALDECOTT, J., MAHE"
294,1844,1870,1308,"PETERS, C.H.F., CLINTON, NY"
295,1847,1866,5538,"SHEA, C., ENGLAND"
296,1847,1849,137,"BOND, W.C., HARVARD"
297,1847,1847,1,"SCHWEIZER, G., MOSCOW"
298,1848,1893,10026,"WOLF, R., ZURICH"
299,1850,1865,168,"GREISBACH, T.J., ENGLAND"
300,1850,1850,42,"SESTINI, GEORGETOWN"
301,1850,1850,2,"FLEISCHHAUER, J., LANGENSALZA"
302,1850,1850,6,"VON JAHN, LEIPZIG"
303,1851,1860,124,"AIRY, G.B., LONDON"
304,1851,1851,13,"POGSON, N., LONDON"
305,1852,1854,15,"TOMASCHEK, WIEN"
306,1852,1855,19,"BORCK, CASSEL"
307,1853,1860,1215,"CARRINGTON, LONDON"
308,1857,1858,16,"FLAGSTAFF OBS., MELBOURNE"
309,1857,1857,181,"ELLNER, BAMBERG"
310,1857,1872,99,"HEIS, MUNSTER"
311,1859,1883,6983,"WEBER, PECKELOH"
312,1859,1892,766,"HOWLETT, F., ENGLAND"
313,1859,1859,7,"BAXENDALL, J., MANCHESTER"
314,1860,1862,475,"COAST SURVEY, WASHINGTON"
315,1860,1863,275,"FRANZENAU, F., WIEN"
316,1861,1865,585,"JENZER, BERN"
317,1861,1862,138,"KLEIN, KOLN"
318,1861,1893,6281,"SPOERER, G., ANCLAM"
319,1862,1862,94,"BORNITZ, H., LICHTENBERG, BERLIN"
320,1863,1864,41,"WALDNER, ZURICH"
321,1864,1871,912,"MEYER, ZURICH"
322,1864,1866,451,"DE LA RUE, LONDON"
323,1866,1879,478,"FERRARI, ROME"
324,1867,1881,2611,"LEPPIG, LEIPZIG"
325,1867,1890,1623,"DAWSON, W.M., SPICELAND, IND"
326,1870,1872,10,"HARVARD COLLEGE OBS., MA"
327,1870,1879,2059,"BERNAERTS, G.L., ENGLAND"
328,1871,1900,7584,"TACCHINI, ROME"
329,1871,1877,1530,"SECCHI, ROME"
330,1872,1875,308,"BILLWILLER, ZURICH"
331,1872,1874,282,"SAWYER, E.F., CAMBRIDGEPORT"
332,1874,1976,37465,ROYAL GREENWICH OBSERVATORY
333,1874,1893,3598,MONCALIERI
334,1874,1875,107,"MAIN, RADCLIFFE OBS., OXFORD"
335,1876,1879,997,"BILLWILLER AND WOLFER, ZURICH"
336,1876,1882,1940,"AGUILAR, MADRID"
337,1877,1886,2383,MONTHLY WEATHER REVIEW
338,1880,1928,12536,"WOLFER, ZURICH"
339,1880,1892,3709,"RICCO, PALERMO"
340,1882,1882,88,"MIETHE, POTSDAM"
341,1882,1910,6240,"WINKLER, JENA"
342,1882,1887,1164,"JANESCH, LAIBACH"
343,1883,1896,3221,"MERINO, MADRID"
344,1884,1886,965,"KOKIDES, ATHENS"
345,1885,1905,3688,"KONKOLY, OGYALLA"
346,1886,1886,162,"VOGEL, POTSDAM"
347,1886,1935,4534,STONYHURST COLLEGE OBS.
348,1887,1887,51,"WILSING, POTSDAM"
349,1888,1892,1359,"SCHMOLL, PARIS"
350,1888,1899,2063,"HAVERFORD COLLEGE OBS., PA"
351,1888,1890,326,"YENDELL, P.S., BOSTON"
352,1889,1921,10860,"QUIMBY, PHILADELPHIA"
353,1889,1892,523,CARLETON COLLEGE OBSERVATORY
354,1889,1890,262,"FROST, E.B., DARTMOUTH"
355,1890,1891,258,SMITH OBSERVATORY
356,1890,1902,2964,"HADDEN, D.E., ALTA, IOWA"
357,1890,1890,9,"FURNISS, C., VASSAR"
358,1890,1925,2799,MOUNT HOLYOKE COLLEGE
359,1891,1895,1173,"SCHREIBER, KALOCSA"
360,1891,1891,282,"ZONA, PALERMO"
361,1892,1909,3619,"SCHWAB, KREMSMUNSTER"
362,1893,1918,7620,CATANIA
363,1893,1893,126,"LEWITZKY, CHARKOW"
364,1894,1895,186,"FAUQUEZ, ZURICH"
365,1894,1894,139,"WONASZEK, KIS-KARTAL"
366,1894,1910,1883,"SYKORA, CHARKOW"
367,1895,1896,233,"HOFFLER, ZURICH"
368,1895,1907,1279,"LEWITZKY, JURJEW"
369,1895,1901,632,"MAIER, SCHAUFLING"
370,1896,1935,9492,"BROGER, ZURICH"
371,1896,1900,154,"TILLSON, L.O., BOSTON U., MA"
372,1896,1897,160,"MORGAN, H.R., LEANDER MCCORMICK OBS."
373,1897,1901,254,"OLIVER, A.I., BOSTON U., MA"
374,1897,1898,113,"LYON, J.A., LEANDER MCCORMICK OBS."
375,1898,1900,149,"JASTREMSKY, B., CHARKOW"
376,1898,1919,2881,"WOINOFF, MOSCOW"
377,1898,1900,135,"MIRKOWITSCH, JAROSLAW"
378,1898,1903,530,"FREYBERG, ST. PETERSBURG"
379,1898,1901,649,"KAULBARS, ST. PETERSBURG"
380,1899,1918,1965,"KLEINER, ZOBTEN"
381,1900,1900,102,"KITSCHIGIN, SPITZBERGEN"
382,1900,1908,1017,"SUBBOTIN, ST. PETERSBURG"
383,1901,1908,603,"GORJATSCHY, MOSCOW"
384,1901,1903,202,"LARIONOFF, MOHILEW"
385,1901,1902,179,"STRUVE, CHARKOW"
386,1902,1925,6340,"GUILLAUME, LYON"
387,1902,1910,1057,"SCHATKOW, KOLA"
388,1902,1910,1715,"MESSERSCHMITT, MUNCHEN"
389,1903,1925,2760,"STEMPELL, HANNOVER"
390,1903,1906,672,AMHERST COLLEGE OBSERVATORY
391,1903,1906,359,BOSTON UNIVERSITY OBS.
392,1904,1909,58,"MOROSOFF, MOSCOW"
393,1904,1905,230,"OSSIPOFF, TASCHKENT"
394,1905,1912,455,"WASNETZOFF, MOSCOW"
395,1906,1906,144,"BELAR, LAIBACH"
396,1906,1916,1748,"HRASE, PRAGUE"
397,1906,1906,127,"BRUNNER, CHUR"
398,1906,1916,1674,"BODOCS, OGYALLA"
399,1907,1907,114,"GINORI, FLORENCE"
400,1907,1908,113,"SORMANO, TURIN"
401,1907,1919,2748,"BEMMELEN, BATAVIA"
402,1907,1907,155,"SYKORA, TASCHKENT"
403,1908,1909,377,"BISKE, ZURICH"
404,1908,1908,51,"SCHONBERG, JURJEW"
405,1908,1914,1190,"LUCCHINI, FLORENCE"
406,1908,1910,943,"GUERRIERI, CAPODIMONTE"
407,1909,1925,1586,"BRAAK, BATAVIA"
408,1909,1913,260,"STEFKO, LEYSIN"
409,1910,1914,654,"SCHWARZ, KREMSMUNSTER"
410,1910,1916,297,"LISSAK, CHARLOTTENBURG"
411,1911,1913,771,"KAVAN, PRAGUE"
412,1911,1925,4744,"MOYE, MONTPELLIER"
413,1913,1914,143,"MILORADOWITSCH, PULKOWO"
414,1914,1925,1898,"BUTTLAR, SIMSDORF"
415,1915,1915,225,"SCHMID, ST. GALLEN"
416,1915,1918,815,"HEIMEN, FELDE"
417,1916,1918,411,"BUGOSLAWSKY, MOSCOW"
418,1917,1985,10890,"MT. WILSON, CENTER OF DISK"
419,1917,1917,33,"REED, KENNEBUNK, MAINE"
420,1917,1917,181,"TASS, OGYALLA"
421,1918,1918,198,"VOSS, ALTONA"
422,1918,1918,112,"MALSCH, KARLSRUHE"
423,1918,1918,35,"SEIDEL, RHEINLAND"
424,1918,1918,28,"WEGNER, DANZIG"
425,1918,1918,103,"KLANNICK, GOTHA"
426,1920,1921,455,BATAVIA
427,1923,1958,11666,"MT. WILSON, FULL DISK"
428,1926,1944,4901,"BRUNNER, ZURICH"
429,1928,1937,2722,"BUSER, AROSA"
430,1928,1929,450,"N.A.O., JAPAN, K=0.85"
431,1929,1944,3262,"BRUNNER, W., ZURICH"
432,1930,1930,244,"N.A.O., JAPAN, K=0.75"
433,1931,1934,920,"N.A.O., JAPAN, K=0.65"
434,1935,1948,1293,"N.A.O., JAPAN, K=0.70"
435,1935,1986,11931,"MADRID OBSERVATORY, MADRID"
436,1936,1947,1615,"WALDMEIER, ZURICH"
437,1936,1936,207,"N.A.O., JAPAN, K=0.55"
438,1936,1954,3357,"PROTITCH, M., BELGRADE"
439,1937,1944,2059,"N.A.O., JAPAN, K=0.60"
440,1941,1944,1298,"RAPP, LOCARNO-MONTI"
441,1920,1956,5734,"VALENCIA OBS., VALENCIA"
442,1942,1944,308,"WALDMEIER, AROSA"
443,1946,1946,159,"DJURKOVIC, P.M., BELGRADE"
444,1947,1949,331,"OSKANJAN, V., BELGRADE"
445,1947,1996,9848,"KOYAMA, H., TOKYO"
446,1948,1956,3211,U.S. NAVAL OBSERVATORY
447,1949,1993,12243,"NATIONAL ASTRON. OBS., JAPAN"
448,1949,1950,158,"SIMIC, M., BELGRADE"
449,1949,1954,691,"DIZER, M., KANDILLI OBS."
450,1949,1950,191,"KORT, W., ST. MARIABURG"
451,1952,1965,1274,"SAN MIGUEL OBS., ARGENTINA"
452,1955,1968,1931,"OZGUC, A., KANDILLI OBS."
453,1956,1975,6532,"LEE OBSERVATORY, BIERUT"
454,1958,1989,7104,ROME OBSERVATORY
455,1962,1991,8606,MT. WILSON NETWORK
456,1964,1993,5765,TAIPEI
457,1967,1992,5120,"LUNPING OBSERVATORY, TAIWAN"
458,1974,1975,455,"DOGAN, N., ANKARA"
459,1977,1995,6922,SPACE ENVIRONMENT LABORATORY
460,1977,1977,365,DEBRECHEN HELIOPHYSICAL OBS.
461,1978,1987,3288,CATANIA OBSERVATORY
462,1981,1991,3572,AIR FORCE NETWORK
463,1992,1995,1002,BRITISH ASTRON. ASSOC.
464,1924,1988,10717,"LUFT, H."
465,1858,1893,8285,"WOLF, R., ZURICH (SMALL TELESCOPE)"
466,1749,1799,1172,"STAUDACH, J.C., NUREMBERG (LEIF RECOUNT)"
467,NaN,NaN,0,"SCHWABE, H., DESSAU-ARLT"
468,1612,1612,35,"GALILEO, G., ROME, (LEIF RECOUNT)"
469,1612,1612,9,"GALILEO, G., ROME, (WOLFER COUNT)"
470,1983,1994,2713,"N.O.A.A., U.S.A."
471,1985,1987,94,"ALBATTANI, IRAQ"
472,1992,2003,1220,"ASTR. CENTRE ARDENNE, BELGIUM"
473,2003,2010,1187,"ANDRIES SON, BELGIUM"
474,1994,1995,170,"ANTARES, ITALY"
475,1988,1988,16,"HUBER ALFREDO, ARGENTINA"
476,1985,1988,967,"AGUILAR, VALENCIA, SPAIN"
477,1981,1988,1244,"AHNERT, GERMANY"
478,2009,2010,221,"ANDREW JOHNSTON, AUSTRALIA"
479,1985,1990,1177,ALCOBER VALENCIA SPAIN
480,1981,1998,6175,AMERICAIN
481,1977,1990,2898,"ANKARA, TURKEY"
482,1995,1995,116,"MONTI LATTARI, ITALY"
483,1989,2010,3984,"PHILIPPE WITTELSHEIM, FRANCE"
484,1984,1994,1362,"AGR. ASTR. BUENOS AIRES, ARGENTINA"
485,1989,1989,8,"SCHROYENS, BELGIUM"
486,1967,1982,2386,"ATHENES EUGENIDES, GREECE"
487,1988,2007,5717,"AUSTRALIAN OBS. COONABARABRAN, AUSTRALIA"
488,1987,1993,563,"G.O.A.S., ARGENTINA"
489,1992,2010,4463,"OBSERV. PAUL AHNERT, COTTBUS, GERMANY"
490,1991,1993,225,"DONOSTIA, SPAIN"
491,1981,1998,4247,"ATHENES NAT. OBSER. (1) 127, GREECE"
492,1981,1999,4391,"ATHENES NAT. OBSER. (2) 109, GREECE"
493,1949,1995,7611,"ATHENES III, ELIAS, GREECE"
494,1986,2010,5971,"A4 SANVITO 32404, ITALY"
495,1983,1985,333,"BALSEIRO, URUGUAY"
496,1993,1995,158,"BAITCHEVA JAMBOL, BULGARIA"
497,1994,1994,90,"BRESCIA, ITALY"
498,1986,1986,13,"BIESADA, POLAND"
499,1995,2005,1107,"OBS.JORDANO DIMITROVGRAD, BULGARIA"
500,1982,2010,5225,"BULLON, VALENCIA, SPAIN"
501,1997,2009,3695,"BORTOLOTTI MAURO, ITALIA"
502,2008,2010,466,"BOSCAT MICHAEL, CA"
503,1978,1998,4487,"BRUNS ISERNHAGEN, B.D.R."
504,1986,1986,228,"BASRAH, IRAQ"
505,2008,2010,625,"BROXTON TONY, U.K."
506,1981,1998,3828,"BUCHAREST, ROMANIA"
507,2009,2010,294,"BOB VANSLOOTEN, NETHERLANDS"
508,2008,2010,344,"BOWYER ARTHUR, U.K."
509,1981,1998,4532,"BEYAZIT OBSER., TURKEY"
510,1950,2010,14686,"CATANIA 2, ITALY"
511,1988,2010,7605,"CAMAGUEY, CUBA"
512,1989,2010,3516,"COURDURIE MARCQ EN BAROEUL, FRANCE"
513,1988,1989,204,"CASTANEDA, VENEZUELA"
514,2006,2006,12,"EDWIN DE CEUNINCK, BELGIUM"
515,1988,2010,5334,"CLAEYS VEDRIN, BELGIUM"
516,1989,1992,206,"SIMFEROPOL, U.R.S.S."
517,2005,2010,1105,"CRIMEAN OBSERVATORY, UKRAINE"
518,1981,2009,3064,"CAPRICORNO, CAMPINAS, BRAZIL"
519,1987,1987,30,"QUINTANA CARLOS, VENEZUELA"
520,1981,1982,138,"CRIMMITSCHAU, GERMANY"
521,2006,2010,390,"HANS COECKELBERGHS, BELGIUM"
522,1992,2010,4059,"FERNANDEZ RUIS, SANTANDER, SPAIN"
523,1985,2010,4528,"CULGOORA NARRABRI, AUSTRALIA"
524,1983,2010,5485,"DE BACKER BOOM, BELGIUM"
525,1991,1993,134,"CAMINA DANIEL, ARGENTINA"
526,2007,2010,394,"DONCEL FREDDY, PARAGUAY"
527,1986,2010,568,"DEMAN, BELGIUM"
528,1991,1991,16,"RODRIGUEZ GUSTAVO, ARGENTINA"
529,1981,1985,1289,"DESRUES, FRANCE"
530,1985,2010,6545,"DUBOIS LANGEMARK, BELGIUM"
531,2010,2010,19,"DIRK VAN HESSCHE, BELGIUM"
532,2006,2010,130,"KAREL DEWAELE, BELGIUM"
533,1991,2000,776,"VASQUEZ CARLOS, ARGENTINA"
534,1949,2010,16266,"EBRO, ROQUETES, SPAIN"
535,1985,1986,50,"FERNANDES ENRIQUE, SPAIN"
536,1989,1999,3159,"ELEIZALDE, CARACAS, VENEZUELA"
537,1993,2002,168,"E.O.S., SONARA, MEXICO"
538,2003,2007,355,"EUROPLANETARIUM, BELGIUM"
539,1985,1990,1346,"AGRUP. ASTRO. MADRID, SPAIN"
540,1988,2010,1674,"EVANS INVERCAGILL, NEW-ZEALAND"
541,1990,1990,23,"ASTER, SPAIN"
542,2007,2010,5,"RODRIGO F. DIAZ, ARGENTINA"
543,1981,2004,1634,"FERREIRA, SAO FRANCISCO, BRAZIL"
544,1997,2001,141,"FEDERICO, SAN HERMENEGILDO, SPAIN"
545,1985,1985,35,"FERNANDES JOSE, SPAIN"
546,1997,1998,127,"LECOYER FRANCIS, BELGIUM"
547,1990,1994,605,"MARTINEZ FLORES, SPAIN"
548,1997,2010,1657,"OBSERVATORY FRANTISKA, CZECH REPUBLIC"
549,1997,2010,1551,"STEFANIKS, OBS. PRAGUE, CZECH REPUBLIC"
550,1968,2010,10558,"FUJIMORI NAGANO, JAPAN"
551,1998,1998,8,"FELICIANO VILLARES, SPAIN"
552,2000,2010,3105,"GEMA ARAUJO, SPAIN"
553,2006,2010,1497,"ANDRE GABRIEL, BELGIUM"
554,1981,1991,572,"GROGNARD, BELGIUM"
555,1981,2007,5031,"GERARD DINANT, BELGIUM"
556,2007,2008,209,"GOBBET FRANCK, FRANCE"
557,1981,1993,2543,"GILLISSEN, BELGIUM"
558,1995,2010,4534,"GERMAN MORALES, COCHABAMBA, BOLIVIA"
559,1991,1994,249,"A.S.O., BOLIVIA"
560,1982,1997,874,"GOLLKOWSKY RUDOLSTADT, GERMANY"
561,1989,1992,401,"A.G.P. ASTRONOMIA, PALENCIA, SPAIN"
562,2001,2010,2259,"SCHOTT LUTZ, GERD, GERMANY"
563,1985,2005,2914,"GUILLERY PULLIGNY, FRANCE"
564,2002,2005,526,"GYSEL LUC, BELGIUM"
565,1983,2006,1093,"HUANCAYO, PERU"
566,1989,1999,2427,"HARDIE JORDANSTOWN, N.IRELAND"
567,1995,1998,434,"HANCHARIA, ITALY"
568,1967,2010,9743,"HELWAN, EGYPT"
569,1989,1991,169,"STIETZEL, GERMANY"
570,2008,2010,274,"HALL KEN, U.K."
571,1995,2005,942,"MAHMOUD S, MOSQUE SOCIETY, EGYPT"
572,1983,2010,7498,"HOLLOMAN, U.S.A."
573,1994,2010,3749,"HVEZDAREN PRESOV, SLOVAKIA"
574,NaN,NaN,0,
575,1991,1992,61,"REBACK HERMAN, ARGENTINA"
576,2003,2007,779,"HAZEL COLLETT, UNITED-KINGDOM"
577,1969,2010,7859,"HURBANOVO, SLOVAKIA"
578,1993,2010,4290,"HVEZDAREN KYSUCKE, SLOVAKIA"
579,NaN,NaN,0,
580,2010,2010,8,"ICA UNIVERSITY, PERU"
581,1989,1999,655,"ISKUM, BUDAPEST, HUNGARY"
582,1994,2005,1628,"ISEO, ITALY"
583,1991,2003,698,"JAMBOL, BULGARIA"
584,1992,2010,3363,"ASTRO. DE REUX CINEY, BELGIUM"
585,2006,2010,799,"JEF CLAES, BELGIUM"
586,2002,2005,774,"DRAGESCO JEAN, FRANCE"
587,1987,1993,628,"JAHN JOST, WEST-GERMANY"
588,1998,2001,240,"OBSERVATORY HASKOVO, BULGARIA"
589,1996,2010,1166,"JORGE LUIS GARCIA, SPAIN"
590,1996,1997,74,"JANSSENS, BELGIUM"
591,1991,2009,3267,"JOHNSTON GWYNEDD, ENGLAND"
592,2001,2010,2582,"HAVANA SOLAR STATION, CUBA"
593,1987,1987,45,"NEWTON, NETHERLANDS"
594,2005,2005,25,"JAVIER ALONSO SANTIAGO, SPAIN"
595,2006,2010,1027,"JEFFREY CARELS, BELGIUM"
596,1981,2010,8122,"KAWAGUCHI, JAPAN"
597,1950,2010,11250,"KANDILLI, TURKEY"
598,1992,1999,552,"KARJALI, BULGARIA"
599,1993,2008,3507,"KLADNO, CZECH REPUBLIC"
600,1981,1996,3250,"KOYAMA, JAPAN"
601,1997,2001,351,"OBSERVATORY ROKYCANY, CZECH REPUBLIC"
602,1981,2010,9069,"KISLOVODSK, RUSSIA"
603,2001,2001,19,"MIKHAIL L. KUZMIN, RUSSIA"
604,1981,1990,1968,"KIEV, U.R.S.S."
605,1984,1992,1625,"KAYEME, VENEZUELA"
606,1957,2010,12862,"KANZELHOHE TREFFEN, AUSTRIA"
607,1985,1994,2274,"LARGUIER, FRANCE"
608,1991,1993,201,"COSLOP LUIS, ARGENTINA"
609,1981,1983,140,"LEYMAN, BELGIUM"
610,1958,1988,4992,"LUFT 2, U.S.A."
611,1987,1988,62,"HOFFMAN, GERMANY"
612,1967,1987,3678,"LOOKS, CHILE"
613,2005,2010,909,"LIEVE MEEUS, BELGIUM"
614,1958,2010,15932,"LOCARNO, SWITZERLAND"
615,1983,2010,7466,"LEARMOUTH, AUSTRALIA"
616,1989,2010,4751,"LARISSA OBSERVATORY, GREECE"
617,1981,1998,2965,"LUNPING, REPUBLIC OF CHINA"
618,1971,1988,5103,"MANILA, PHILIPPINES"
619,1991,1992,22,"BRIL MARTIN, ARGENTINA"
620,1981,2010,8389,"MAC KENZIE, DOVER, UNITED-KINGDOM"
621,1978,1986,1036,"MADRID, SPAIN"
622,2008,2010,566,"MEADOWS PETER, U.K."
623,1999,2001,139,"MAURO OSCAR GALLO, ARGENTINA"
624,1991,1991,49,"MARAFUCHI, ARGENTINA"
625,1986,1990,319,"MICHAUX, BELGIUM"
626,1994,2010,3041,"MURMANSK, RUSSIA"
627,1994,2010,1805,"MILANO, ITALY"
628,1987,2004,2123,"MOJICA, COCHABAMBA, BOLIVIA"
629,2003,2010,1984,"ROBERTO DE MANZANO, ITALY"
630,1978,2010,8007,"MOCHIZUKI URAWA, SAITAMA, JAPAN"
631,1987,2010,2193,"MIRA GRIMBERGEN, BELGIUM"
632,1990,2008,856,"SMOLYAN, BULGARIA"
633,1950,2010,8301,"MITAKA, JAPAN"
634,1992,2010,1818,"JURI GAGARIN, EILENBURG, GERMANY"
635,2008,2008,20,"MEDWAY KEN, U.K."
636,1995,2002,494,"OBS. COPERNICUS, VARNA, BULGARIA"
637,1995,1995,41,"SOLARINO, ITALY"
638,2004,2005,88,"RAUL ROBERTO PODESTA, U.S.A."
639,1983,2010,5344,"NIJMEGEN, NETHERLANDS"
640,1985,2010,4037,"BARNES, AUCKLAND, NEW-ZEALAND"
641,1994,1994,33,"ROMA 2, ITALY"
642,1995,1996,178,"OBS. SOLAR BERNARD LYOT, BRAZIL"
643,1999,2002,117,"EDNILSON OLIVEIRA, BRAZIL"
644,2000,2000,10,"OBSERVAT. HECTOR OTTONELLO, ARGENTINA"
645,1987,1994,802,"O.M.A. AMERICANA, BRASIL"
646,1991,2010,4711,"ONDREJOV OBSERV., CZECH-REPUBLIC"
647,1983,1987,264,"ORION, MEXICO"
648,1982,1990,995,"OTERO, VENEZUELA"
649,1989,1992,436,"VLASIM, CZECH REPUBLIC"
650,1983,1997,3512,"PALEHUA, HAWAI"
651,1981,1986,1413,"PERRONI, BRAZIL"
652,1984,2010,5429,"PASTERNAK, BERLIN, GERMANY"
653,1992,1992,8,"PELLIZA, ARGENTINA"
654,1991,1997,691,"LORMONT, FRANCE"
655,1950,1999,5436,"POTSDAM, GERMANY"
656,1998,2010,1529,"OBSERVATORY PROSTEJOV, CZECH REPUBLIC"
657,1985,2003,4324,"PYONG YANG, KOREA"
658,1957,2010,10606,"QUEZON, PHILIPPINES"
659,1983,2003,5957,"RAMEY, PUERTO-RICO"
660,1986,1988,115,"BRAVO RICARDO, ARGENTINA"
661,2003,2010,88,"PASTERNAK LEER, GERMANY"
662,1990,1995,183,"ALGEMESI, VALENCIA, SPAIN"
663,2010,2010,41,"RIENKS, EASTERN OREGON, U.S.A."
664,2009,2010,128,"RUIZ JAVIER, SPAIN"
665,1986,1989,186,"FORS, SWEDEN"
666,1997,2001,424,"ROKYCANY - LUZICKA, CZECH REPUBLIC"
667,1950,2000,4213,"ROMA 3, ITALY"
668,2010,2010,172,"PAULO ROBERTO MOSER, BRAZIL"
669,1988,1997,2126,"RASSON MONS, BELGIUM"
670,1986,1989,950,"RODRIGUEZ, VENEZUELA"
671,1957,2005,3781,"SANTIAGO, CHILE"
672,1986,1995,365,"SIRACUSA II, LAPICHINO, ITALIA"
673,2007,2010,366,"SJOERD DUFOER, BELGIUM"
674,1995,1995,133,"SERGIO FABIANI, BOLIVIA"
675,1981,2010,5258,"SIGMA OCTANTE, COCHABAMBA, BOLIVIA"
676,2007,2007,6,"STUDENTS SAN HERMENEGILDO, SPAIN"
677,2008,2010,379,"SMITH MARLYN, U.K."
678,1986,1996,702,"SAN JOSE, BUENOS AIRES, ARGENTINA"
679,1950,2010,9200,"SKALNATE, SLOVAKIA"
680,1986,1986,29,"SALVADOR, SPAIN"
681,1967,2010,9400,"SAN MIGUEL, ARGENTINA"
682,1994,1994,70,"SALERNO, ITALIA"
683,1992,2010,5258,"SOBOTA, SLOVAKIA"
684,1990,1991,36,"CLOSSET, BELGIUM"
685,1981,2010,5477,"SAUDI ARABIA, JEDDAH"
686,1994,1996,542,"SIRACUSA GAROFOLO, ITALIA"
687,1986,1986,30,"SYMANSKI, POLAND"
688,1981,2010,7839,"SUZUKI, JAPAN"
689,1981,1990,2712,"TASHKENT, U.R.S.S."
690,1991,1991,24,"TRIPALDI ALFONSINA, ARGENTINA"
691,1994,1994,48,"TRENTO, ITALY"
692,2005,2010,219,"THOMAS TEAGUE, UNITED KINGDOM"
693,1981,2010,5898,"CENTRAL WEATHER BUREAU, REPUBLIC OF CHINA"
694,1984,1989,1358,"TANGJUNGSARI, INDONESIA"
695,2006,2007,50,"HUGO TRIGOSO, PERU"
696,1981,2005,3692,"TAIPEI 2, REPUBLIC OF CHINA"
697,1967,1993,2704,"TRIESTE, ITALY"
698,1991,2010,3079,"SPANINKS TILBURG, NETHERLANDS"
699,1986,1988,80,"THIELE, GERMANY"
700,1986,1998,2271,"TONY TANTI NAXXAR, MALTA"
701,1949,2010,13283,"UCCLE, BELGIUM"
702,1983,1986,594,"U.L.B., BELGIUM"
703,2007,2008,193,"ARILLE VIGNERON, BELGIUM"
704,1991,1991,5,"BARZETTA VICTOR, ARGENTINA"
705,1989,2003,1301,"SLIVEN, BULGARIA"
706,1986,2003,3732,"VENTURA MOSTA, MALTA"
707,1999,1999,18,"OBSERVATORY PLOVDIV, BULGARIA"
708,2010,2010,83,"VALCERESIO DE BISUSCHIO, ITALY"
709,2006,2010,154,"RUBEN VERBOVEN, BELGIUM"
710,1992,1996,151,"VASQUEZ RODRIGO, ARGENTINA"
711,1994,1994,79,"VARESE, ITALY"
712,1987,2004,3648,"WATUKOSEK OBSERVATORY, INDONESIA"
713,2006,2010,729,"MONTE MOR, BRAZIL"
714,2010,2010,181,"WILLIAM, M. WILSON,U.S.A."
715,1969,1977,2323,XE
716,1955,1977,4320,XG
717,1986,1994,587,"Y ALARCOS, VALENCIA, SPAIN"
718,2008,2009,109,"TANTI TONY, U.K."
719,1981,1997,3754,"YVERGNEAUX RONSE-RENAIX, BELGIUM"
720,1990,2010,2851,"ZAGORA, BULGARIA"
721,1993,1999,1138,"ZAMORA, SPAIN"
722,1992,1993,517,"ZURICH, SWITZERLAND"
723,1637,1637,17,"MARCGRAF, G., LEIDEN"
724,1640,1640,2,"STRAZYC, A., KRAKOW"
725,1672,1672,16,"BION, N., PARIS"
726,1736,1736,1,"BEVIS, J., LONDON"
727,1736,1736,1,"GRANDJEAN DE FOUCHY, BRETAGNE"
728,1737,1737,1,"CLERK, J., EDINBURG"
729,1737,1737,1,"MACLAURIN, C., EDINBURG"
730,1737,1737,1,"MASON, C., CAMBRIDGE"
731,1737,1737,2,GARIPUY
732,1738,1738,1,"ANONYMOUS, TOULOUSE"
733,1747,1747,17,"WARGENTIN, P., UPPSALA"
734,1793,1793,1,"HANH, F., BERLIN"
735,1795,1795,3,"SCHROETER, J., GOTTINGEN"
736,1947,2009,17726,"CRAGG, T., LOS ANGELES"
737,1708,1709,10,"BECKER, P., ROSTOCK"
738,1708,1708,1,"ANONYMOUS, BERLIN"
739,1793,1793,1,"ZENBEI, I., FUSHIMI "
740,1795,1797,10,"ARMAGH OBSERVATORY, NORTHERN IRELAND"
741,1929,1941,2636,"COIMBRA OBSERVATORY, PORTUGAL"
742,1777,1777,2,"DE ZUNIGA Y ONTIVEROS, F., MEXICO CITY"
743,1816,1817,25,"FISHER, J., MAINE"
744,1611,1611,2,"FABRICIUS, J., DORNUM, GERMANY"
745,1814,1816,44,"HALLASCHKA, F.I.C., PRAGUE"
